0,"Carlos Delgado",carlos.delgado@ejemplo.com,4495689,img_68f7a90a45992.jpg
1,"Ana Rodríguez",ana.rodriguez@ejemplo.com,923239445,img_68f7aaa8060f9.png
2,"Luis Vargas",luis.vargas@ejemplo.com,014452698,
3,"María García López",maria.garcia.lopez@ejemplo.com,923239445,
4,"José Martínez",jose.martinez@ejemplo.com,4495689,
5,"Lucía Ramírez",lucia.ramirez@ejemplo.com,014452698,
6,"Pedro Fernández",pedro.fernandez@ejemplo.com,923239445,
7,"Sofía Torres",sofia.torres@ejemplo.com,4495689,
8,"Jorge López Mendoza",jorge.lopez.mendoza@ejemplo.com,014452698,
9,"Valeria Pérez",valeria.perez@ejemplo.com,923239445,
10,"Ana Ramírez",ana.ramirez@ejemplo.com,4495689,
11,"Luis Ayala",luis.ayala@ejemplo.com,923239445,
12,"Carlos Torres García",carlos.torres.garcia@ejemplo.com,014452698,
13,"María Fernández",maria.fernandez@ejemplo.com,923239445,
14,"José Vargas",jose.vargas@ejemplo.com,4495689,
15,"Lucía Salazar",lucia.salazar@ejemplo.com,014452698,
16,"Pedro Ramírez",pedro.ramirez@ejemplo.com,923239445,
17,"Sofía García",sofia.garcia@ejemplo.com,4495689,
18,"Jorge Rodríguez",jorge.rodriguez@ejemplo.com,014452698,
19,"Valeria Fernández",valeria.fernandez@ejemplo.com,923239445,
20,"Ana Torres Marin",ana.torres.martinez@ejemplo.com,923239445,
21,"Luis López",luis.lopez@ejemplo.com,4495689,
22,"Carlos Ramírez",carlos.ramirez@ejemplo.com,014452698,
23,"María Vargas",maria.vargas@ejemplo.com,923239445,
24,"José Ríos",jose.rios@ejemplo.com,4495689,
25,"Lucía Fernández",lucia.fernandez@ejemplo.com,014452698,
26,"Pedro García",pedro.garcia@ejemplo.com,923239445,
27,"Sofía Martínez",sofia.martinez@ejemplo.com,4495689,
28,"Jorge Torres",jorge.torres@ejemplo.com,014452698,
29,"Valeria Ramírez",valeria.ramirez@ejemplo.com,923239445,
30,"Ana López Benítez",ana.lopez.benitez@ejemplo.com,923239445,img_68f7a8fc577c9.png
31,"Luis Vargas",luis.vargas@ejemplo.com,4495689,
32,"Carlos Rodríguez",carlos.rodriguez@ejemplo.com,014452698,
33,"María Choi",maria.choi@ejemplo.com,923239445,
34,"José Fernández",jose.fernandez@ejemplo.com,4495689,
35,"Lucía Torres",lucia.torres@ejemplo.com,014452698,
36,"Pedro Martínez",pedro.martinez@ejemplo.com,923239445,
37,"Sofía Ramírez",sofia.ramirez@ejemplo.com,4495689,
38,"Jorge Vargas",jorge.vargas@ejemplo.com,014452698,
39,"Valeria García",valeria.garcia@ejemplo.com,923239445,
40,"Ana Rodríguez López",ana.rodriguez.lopez@ejemplo.com,923239445,
41,"Luis Silva",luis.silva@ejemplo.com,4495689,
42,"Carlos Fernández",carlos.fernandez@ejemplo.com,014452698,
43,"María Torres",maria.torres@ejemplo.com,923239445,
44,"José Martínez",jose.martinez@ejemplo.com,4495689,
45,"Lucía Vargas",lucia.vargas@ejemplo.com,014452698,
46,"Pedro Gómez",pedro.gomez@ejemplo.com,923239445,
47,"Sofía Rodríguez",sofia.rodriguez@ejemplo.com,4495689,
48,"Jorge Ramírez",jorge.ramirez@ejemplo.com,014452698,
49,"Valeria López García",valeria.lopez.garcia@ejemplo.com,923239445,
50,"Amina Delgado",amina.delgado@ejemplo.com,014452698,img_68f7a8f2d83e1.png
51,"Thiago Nakamura",thiago.nakamura@ejemplo.com,923239445,
52,"Zoe Benítez",zoe.benitez@ejemplo.com,4495689,
53,"Matías Ochoa",matias.ochoa@ejemplo.com,923239445,
54,"Fatima Alarcón",fatima.alarcon@ejemplo.com,014452698,
55,"Noah Kim",noah.kim@ejemplo.com,4495689,
56,"Camila Ríos",camila.rios@ejemplo.com,923239445,
57,"Dante Silva",dante.silva@ejemplo.com,014452698,
58,"Leila Torres Mendoza",leila.torres.mendoza@ejemplo.com,923239445,
59,"Elias Gómez",elias.gomez@ejemplo.com,4495689,
60,"Renata Cruz",renata.cruz@ejemplo.com,014452698,
61,"Gael Ayala",gael.ayala@ejemplo.com,923239445,
62,"Isabela Choi",isabela.choi@ejemplo.com,4495689,
63,"Samuel Ortega",samuel.ortega@ejemplo.com,923239445,
64,"Nina Vargas Salazar",nina.vargas.salazar@ejemplo.com,014452698,
65,"1 Jose Jerí",presi@hotmail.com,59595959,img_68f7a8df9f866.png
66,"2 Dina Boluarte",rolex@gmail.com,1234567,img_68f7a8e855bff.png
